{
    "type": "origins:multiple",
	"name": "Aquatic",
	"description": "You take extra damage from tridents enchanted with Impaling and do not cause pufferfish to inflate nor take damage from them. You are immune to drowning.",
    "aquat": {
	"type": "origins:entity_group",
	"group": "aquatic"
},
	"waterbreathing": {
		"type": "origins:action_over_time",
		"interval": 20,
		"entity_action": {
				"type": "origins:apply_effect",
				"effect": {
					"effect": "minecraft:water_breathing",
					"duration": 40,
					"amplifier": 0,
					"is_ambient": true,
					"show_particles": false,
					"show_icon": false
				}
			}
}
}