{
    "type": "origins:action_over_time",
	"name": "Death",
	"description": "You die outside of water, however not in a very standard way.",
    "entity_action": {
		"type": "origins:and",
		"actions": [
		{
        "type": "origins:execute_command",
        "command": "origin set @s origins:origin doral:doral",
		"permission_level": 4
    },
	{
		  "type": "origins:apply_effect",
		  "effect": {
		  "effect": "minecraft:slowness",
		  "duration": 100,
		  "amplifier": 0
	}
	},
	{
		"type": "origins:play_sound",
		"sound": "minecraft:block.stone.break"
	}
	]},
    "interval": 300,
    "condition": {
            "type": "origins:submerged_in",
			"fluid": "minecraft:water",
			"inverted": true
    }
}