{
	"type": "origins:multiple",
	"name": "Envigorated",
	"description": "You have natural armor as well as poison anyone you attack from the strength of life powering your colony.",
	"armor": {
	"type": "origins:attribute",
    "modifier": {
        "attribute": "minecraft:generic.armor",
        "value": 4,
        "operation": "addition"
    }
	},
	"poison":
		{
"type": "origins:target_action_on_hit",
"entity_action": {
"type": "origins:apply_effect",
		  "effect": {
		  "effect": "minecraft:poison",
		  "duration": 40,
		  "amplifier": 0
  }
},
  "cooldown": 60,
	"hud_render": {
        "should_render": false
    }
	}
}