{
"type": "origins:multiple",
"name": "Clear Body",
"description": "Your gelatinous makes you transparent and negates all potion effects.",
"color": {
    "type": "origins:model_color",
    "red": 0.4431372549,
    "green": 0.86274509803,
	"blue": 0.97647058823,
    "alpha": 0.7
},
"clear": {
	"type": "origins:effect_immunity",
    "effects": [
        "minecraft:weakness",
        "minecraft:strength",
		"minecraft:speed",
		"minecraft:slowness",
		"minecraft:haste",
		"minecraft:mining_fatigue",
		"minecraft:instant_health",
		"minecraft:instant_damage",
		"minecraft:jump_boost",
		"minecraft:nausea",
		"minecraft:regeneration",
		"minecraft:resistance",
		"minecraft:fire_resistance",
		"minecraft:water_breathing",
		"minecraft:invisibility",
		"minecraft:blindness",
		"minecraft:night_vision",
		"minecraft:hunger",
		"minecraft:poison",
		"minecraft:wither",
		"minecraft:health_boost",
		"minecraft:absorption",
		"minecraft:saturation",
		"minecraft:glowing",
		"minecraft:levitation",
		"minecraft:luck",
		"minecraft:unluck",
		"minecraft:slow_falling",
		"minecraft:conduit_power",
		"minecraft:dolphins_grace",
		"minecraft:bad_omen",
		"minecraft:hero_of_the_village"
		
    ]
}
}