{
	"type": "origins:multiple",
	"name": "Blood",
	"description": "You gain blood for your blood meter when in combat.",
	"blood": {
		"type": "origins:resource",
		"min": 0,
		"max": 1000,
		"start_value": 0,
		"hud_render": {
			"sprite_location": "origins:textures/gui/community/spiderkolo/resource_bar_01.png",
			"bar_index": 5
		}
	},
	"blood_gain": {
		"type": "origins:self_action_on_hit",
		"entity_action": {
			"type": "origins:change_resource",
			"resource": "oni:blood_blood",
			"change": 50
		},
		"damage_condition": {
			"type": "origins:amount",
			"comparison": ">",
			"compare_to": 1
		},
		"cooldown": 20

	},
	"bleeding": {
		"type": "origins:self_action_when_hit",
		"entity_action": {
			"type": "origins:change_resource",
			"resource": "oni:blood_blood",
			"change": 10
		},
		"damage_condition": {
			"type": "origins:amount",
			"comparison": ">",
			"compare_to": 1
		},
		"cooldown": 20

	},
	"kill": {
		"type": "origins:self_action_on_kill",
		"cooldown": 20,
		"entity_action": {
			"type": "origins:change_resource",
			"resource": "oni:blood_blood",
			"change": 100
		}
	},
	"ambient_loss": {
		"type": "origins:action_over_time",
		"entity_action": {
			"type": "origins:change_resource",
			"resource": "oni:blood_blood",
			"change": -20
		},
		"interval": 60
	}
}