{
  "type": "origins:action_over_time",
	"entity_action": {
		"type": "origins:and",
		"actions": [ 
			{
			  "type": "origins:execute_command",
			  "command": "playsound minecraft:block.smithing_table.use master @p[distance=..5] ~ ~ ~ 5 1 0.8",
			  "permission_level": 4
			},
			{
				"type": "origins:execute_command",
				"command": "/give @s iron_axe{display:{Name:'{\"text\":\"Kanabo\",\"color\":\"aqua\",\"italic\":false}',Lore:['{\"text\":\"Squishing I\",\"color\":\"gray\",\"italic\":false}']},CustomModelData:2,Enchantments:[{id:\"minecraft:knockback\",lvl:1s}]} 1",
				"permission_level": 4
			},
			{
				"type": "origins:execute_command",
				"command": "clear @s minecraft:bone 1",
				"permission_level": 4
			},
			{
				"type": "origins:execute_command",
				"command": "clear @s minecraft:iron_ingot 1",
				"permission_level": 4
			}
		]
	},
  "interval": 30,
  "condition": {
        "type": "origins:and",
        "conditions": [
			{
				"type": "origins:block_in_radius",
				"block_condition": {
					"type": "origins:block",
					"block": "minecraft:smithing_table"
				},
				"radius": 2
			},
			{
				"type": "origins:equipped_item",
				"equipment_slot": "offhand",
				"item_condition": 
					{
						"type": "origins:ingredient",
						"ingredient": 
							{
								"item": "minecraft:bone"
							}
					}
			},
			{
				"type": "origins:equipped_item",
				"equipment_slot": "mainhand",
				"item_condition": 
					{
						"type": "origins:ingredient",
						"ingredient": 
							{
								"item": "minecraft:iron_ingot"

							}
					}
			}
		]
	},
  "name": "Craft Kanabo",
  "description": "Holding an iron ingot in your mainhand and a bone in your offhand near a smithing table will craft a kanabo."
}