{
"type": "origins:multiple",
"name": "Close Quarters",
"description": "You have a rule never to use ranged weapons as nothing is as satisfying as a close-combat duel.",
"nobow": {
    "type": "origins:prevent_item_use",
	"item_condition": {
    "type": "origins:ingredient",
    "ingredient": {
        "item": "minecraft:bow"
	}
    }
	},
"nocrossbow": {
    "type": "origins:prevent_item_use",
	"item_condition": {
    "type": "origins:ingredient",
    "ingredient": {
        "item": "minecraft:crossbow"
	}
    }
	}
}
