{
	"type": "origins:action_over_time",
	"name": "Rage",
	"description": "You become enraged once your blood meter reaches full, becoming a killing machine.",
	"condition": {
		"type": "origins:resource",
		"resource": "oni:blood_blood",
		"comparison": "==",
		"compare_to": 1000
	},
	"interval": 20,
	"entity_action": {
			"type": "origins:apply_effect",
			"effects": [{
					"effect": "minecraft:health_boost",
					"duration": 200,
					"amplifier": 2,
					"is_ambient": true,
					"show_particles": false,
					"show_icon": false
				},
				{
					"effect": "minecraft:regeneration",
					"duration": 20,
					"amplifier": 10,
					"is_ambient": true,
					"show_particles": false,
					"show_icon": false
				},
				{
					"effect": "minecraft:strength",
					"duration": 200,
					"amplifier": 1,
					"is_ambient": true,
					"show_particles": false,
					"show_icon": false
				}
			]
		}
	}