{
"type": "origins:target_action_on_hit",
"hidden": true,
"cooldown": 20,
"condition": {
"type": "origins:command",
"command": "data get entity @s SelectedItem.tag.CustomModelData",
"comparison": "==",
"compare_to": 2
},
"entity_action":{
		"type": "origins:and",
		"actions": [
			{
				"type": "origins:execute_command",
				"command": "scale delay set pehkui:height 0",
				"permission_level": 4
			},
			{
				"type": "origins:execute_command",
				"command": "scale set pehkui:height .1",
				"permission_level": 4
			}

		]
}
}