{
	"powers": [
		"coral:aquatic",
		"coral:envig",
		"origins:water_vision",
		"origins:aqua_affinity",
		"origins:swim_speed",
		"origins:like_water",
		"coral:death",
		"origins:carnivore",
		"origins:no_shield"
	],
	"icon": "minecraft:fire_coral_block",
	"order": 10,
	"impact": 1,
	"name": "Corlite",
	"description": "An appearance of one and but a community of many, the Corlite is actually many different organisms in one complex colony. So complex in fact, they have learned to cheat death."
}
