{
    "type": "origins:action_on_callback",
    "entity_action_chosen": {
		"type": "origins:and",
		"actions": [
		  {
        "type": "origins:execute_command",
        "command": "scale set pehkui:base 0.75",
        "permission_level": 4
		  },
		  {
		"type": "origins:execute_command",
		"command": "scale set pehkui:reach 1.25",
		"permission_level": 4
		  },
		  {
		"type": "origins:execute_command",
		"command": "scale set pehkui:motion 1.25",
		"permission_level": 4
		  }
		]
    },
    "entity_action_respawned": {
		"type": "origins:and",
		"actions": [
		  {
        "type": "origins:execute_command",
        "command": "scale set pehkui:base 0.75",
        "permission_level": 4
		  },
		  {
		"type": "origins:execute_command",
		"command": "scale set pehkui:reach 1.25",
		"permission_level": 4
		  },
		  {
		"type": "origins:execute_command",
		"command": "scale set pehkui:motion 1.25",
		"permission_level": 4
		  }
		]
    },
    "entity_action_removed": {
        "type": "origins:and",
		"actions": [
		  {
        "type": "origins:execute_command",
        "command": "scale set pehkui:base 1",
        "permission_level": 4
		  },
		  {
		"type": "origins:execute_command",
		"command": "scale set pehkui:reach 1",
		"permission_level": 4
		  },
		  {
		"type": "origins:execute_command",
		"command": "scale set pehkui:motion 1",
		"permission_level": 4
		  }
		]
    },
    "execute_chosen_when_orb": true,
	"hidden": true
}