{
    "type": "origins:action_over_time",
	"name": "Revival",
	"description": "You can return to your living form by being submerged in water.",
    "entity_action": {
		"type": "origins:and",
		"actions": [
		{
        "type": "origins:execute_command",
        "command": "origin set @s origins:origin coral:coral",
		"permission_level": 4
    },
	{
		  "type": "origins:apply_effect",
		  "effect": {
		  "effect": "minecraft:regeneration",
		  "duration": 100,
		  "amplifier": 0
	}
	},
	{
		"type": "origins:play_sound",
		"sound": "minecraft:block.coral_block.break"
	}
	]},
    "interval": 300,
    "condition": {
            "type": "origins:submerged_in",
			"fluid": "minecraft:water"
    }
}