{
  "key": {
        "key": "key.use",
        "continuous": true
    },
  "type":"origins:active_self",
  "name": "Metabolize Basalt",
  "description": "You can consume basalt as food, producing polished basalt as waste.",
  "cooldown": 45,
  "hud_render": {
    "should_render":false
  },
  "condition": {
    "type": "origins:and",
    "conditions": [
      {
        "type": "origins:equipped_item",
        "equipment_slot": "mainhand",
        "item_condition": {
          "type": "origins:ingredient",
          "ingredient": {
            "item": "minecraft:basalt"
          }
        }
      },
      {
        "type": "origins:food_level",
        "comparison": "<",
        "compare_to": 20
      }
    ]
  },
  "entity_action": {

    "type":"origins:and",
    "actions": [
	{
		    "type": "origins:play_sound",
			"sound": "minecraft:entity.villager.work_mason"
	},
    {
      "type": "origins:execute_command",
      "command": "clear @s basalt 1"
    },
    {
      "type":"origins:feed",
      "food": 3,
      "saturation": 1.2
    },
	{
	"type": "origins:execute_command",
      "command": "give @s polished_basalt 1"
	}
  ]

  }

}