{
	"type": "origins:multiple",
	"name": "Letting Off Steam",
	"description": "You cool off your core, letting out steam as a projectile. The hotter you are the more damage it deals.",

	"consume": {
		"type": "origins:active_self",
		"key": {
			"key": "key.origins.secondary_active"
		},
		"cooldown": 120,
		"hud_render": {
			"should_render": true,
			"bar_index": 1
		},

		"entity_action": {
			"type": "origins:if_else",

			"condition": {
				"type": "origins:resource",
				"resource": "lodestone:temp_lodestone-temp",
				"comparison": ">=",
				"compare_to": 100
			},
			"if_action": {
				"type": "origins:and",
				"actions": [{
						"type": "origins:change_resource",
						"resource": "lodestone:temp_lodestone-temp",
						"change": -100
					},

					{
						"type": "origins:play_sound",
						"sound": "minecraft:block.lava.extinguish"
					}
				]
			},
			"else_action": {
				"type": "origins:and",
				"actions": [{
						"type": "origins:change_resource",
						"resource": "lodestone:temp_lodestone-temp",
						"change": -5
					},

					{
						"type": "origins:play_sound",
						"sound": "minecraft:block.lava.extinguish"
					}
				]
			}

		}
	},
	"steam": {
		"type": "origins:fire_projectile",
		"entity_type": "minecraft:llama_spit",
		"count": 1,
		"speed": 1.5,
		"divergence": 1.0,
		"cooldown": 120,
		"hud_render": {
			"should_render": false
		},
		"key": {
			"key": "key.origins.secondary_active",
			"continuous": false
		}
	},
	"hahaspitstrong": {
		"type": "origins:modify_projectile_damage",
		"damage_condition": {
			"type": "origins:projectile",
			"projectile": "minecraft:llama_spit"
		},
		"modifier": {
			"operation": "addition",
			"value": 5.0
		},
				"condition": {
			"type": "origins:resource",
			"resource": "lodestone:temp_lodestone-temp",
			"comparison": ">=",
			"compare_to": 100
		}
	},
	
	"reallyhotsteam": {
		"type": "origins:modify_projectile_damage",
		"damage_condition": {
			"type": "origins:projectile",
			"projectile": "minecraft:llama_spit"
		},
		"modifier": {
			"operation": "addition",
			"value": 10.0
		},
				"condition": {
			"type": "origins:resource",
			"resource": "lodestone:temp_lodestone-temp",
			"comparison": ">=",
			"compare_to": 400
		}
	}

}