{
	"type": "origins:multiple",
	"name": "Artifical Internals",
	"description": "You have no need to breathe to live as you are artifical, however, your artifical nature also makes you denser than water.",

	"dense": {
		"type": "origins:ignore_water"
	},
	"no_lungs": {
		"type": "origins:stacking_status_effect",
		"min_stacks": -20,
		"max_stacks": 2,
		"duration_per_stack": 10,
		"effects": [{
			"effect": "minecraft:water_breathing",
			"is_ambient": true,
			"amplifier": 0,
			"show_particles": false,
			"show_icon": false,
			"duration": 100
		}]
	}
}