{
		"type": "origins:active_self",
		"condition": {
			"type": "origins:equipped_item",
			"equipment_slot": "mainhand",
			"item_condition": {
				"type": "origins:ingredient",
				"ingredient": {
					"item": "minecraft:iron_nugget"
				}
		}},
		"entity_action": {
			"type": "origins:and",
			"actions": [{
					"type": "origins:execute_command",
					"command": "clear @s iron_nugget 1"
				},
				{
					"type": "origins:heal",
					"amount": 2
				},
				{
  "type": "origins:play_sound",
  "sound": "minecraft:block.chain.place"
				}
			]
		},
		"cooldown": 10,
		"hud_render": {
			"should_render": false
		},
		"key": {
			"key": "key.use"
		}
	}