{
	"powers": [
		"basalt:swim",
		"basalt:bp",
		"basalt:eat",
		"origins:fire_immunity",
		"basalt:deltaspawn",
		"origins:water_vulnerability",
		:origins:vegetarian",
		"origins:damage_from_snowballs",
		"origins:damage_from_potions"
	],
	"icon": "minecraft:polished_basalt",
	"order": 10,
	"impact": 3,
	"name": "Basaawurm",
	"description": "A wurm that thrives in the basalt deltas biome in the nether. Despite its agility and frightening appearance, the most Basaawurms do is help maintain the cleanliness of their ecosystems."
}
