{
	"type": "origins:multiple",
	"name": "Magnetic Pulse",
	"description": "You can temporarily shift the magnetic field around you, causing you to launch upwards.",
	"charge": {
		"type": "origins:resource",
		"min": 0,
		"max": 1,
		"hud_render": {
			"should_render": false
		}
	},
	"recharge": {
		"type": "origins:action_on_land",
		"entity_action": {
			"type": "origins:change_resource",
			"resource": "*:double_jump_charge",
			"change": 1
		}
	},
	"jump": {
		"type": "origins:launch",
		"cooldown": 0,
		"hud_render": {
			"should_render": false
		},
		"sound": "minecraft:item.lodestone_compass.lock",
		"speed": 0.66,
		"key": {
			"key": "key.origins.secondary_active"
		},
		"condition": {
			"type": "origins:resource",
			"resource": "*:double_jump_charge",
			"comparison": "==",
			"compare_to": 1
		}
	},
	"consume_charge": {
		"type": "origins:active_self",
		"entity_action": {
			"type": "origins:change_resource",
			"resource": "*:double_jump_charge",
			"change": -1
		},
		"key": {
			"key": "key.origins.secondary_active"
		},
		"cooldown": 0,
		"hud_render": {
			"should_render": false
		}
	}
}