{
	"type": "origins:multiple",
	"name": "Inefficient Engine",
	"description": "Your engine is of old technology, requiring constant fuel and attention to sustain itself properly.",
	"hunger1": {
    "type": "origins:conditioned_attribute",
    "modifier": {
        "attribute": "minecraft:generic.movement_speed",
        "operation": "addition",
        "value": -0.05,
        "name": "Inefficient Engine"
    },
    "tick_rate": 20,
    "condition": {
    "type": "origins:food_level",
    "comparison": "<=",
    "compare_to": 15 }
},
	"hunger2": {
	"type": "origins:conditioned_attribute",
    "modifier": {
        "attribute": "minecraft:generic.movement_speed",
        "operation": "addition",
        "value": -0.0125,
        "name": "Inefficient Engine"
    },
    "tick_rate": 20,
    "condition": {
    "type": "origins:food_level",
    "comparison": "<=",
    "compare_to": 10 }
	},
	"morefuel": {
    "type": "origins:modify_exhaustion",
    "modifier": {
        "name": "Increased exhaustion",
        "operation": "multiply_base",
        "value": 1.25
    }
}
	
}