{
	"type": "origins:stacking_status_effect",
	"name": "Defense Mode",
	"description": "Your chassis was made to last, thus when at half health or lower, you gain extra defense in trade for your strength.",
	"min_stacks": 0,
	"max_stacks": 1,
	"duration_per_stack": 20,
	"effects": [{
			"effect": "minecraft:weakness",
			"is_ambient": true,
			"show_particles": false,
			"show_icon": false
	},
		{
			"effect": "minecraft:resistance",
			"is_ambient": true,
			"show_particles": false,
			"show_icon": false
		}
	],
	"condition": {
		"type": "origins:health",
		"comparison": "<=",
		"compare_to": 10
	}
}