{
	"type": "origins:active_self",
	"name": "Distress Signal",
	"description": "You alert other players nearby to your position.",
	"entity_action": {
		"type": "origins:and",
		"actions": [{
				"type": "origins:play_sound",
				"sound": "minecraft:item.lodestone_compass.lock"
			},
			{
				"type": "origins:apply_effect",
				"effect": {
					"effect": "minecraft:glowing",
					"duration": 60,
					"is_ambient": false,
					"show_particles": false,
					"show_icon": false,
					"amplifier": 0
				}
			}
		]
	},
	"cooldown": 120,
	"hud_render": {
		"should_render": true,
		"bar_index": 5
	}
}