{
	"type": "origins:multiple",
	"hidden": true,

	"speed_boost": {
		"type": "origins:conditioned_attribute",
		"modifier": {
			"attribute": "minecraft:generic.movement_speed",
			"operation": "addition",
			"value": 0.0125
		},
		"tick_rate": 20,
		"condition": {
			"type": "origins:resource",
			"resource": "lodestone:temp_lodestone-temp",
			"comparison": "<=",
			"compare_to": 150
		}
	},
	"steam": {
		"type": "origins:particle",
		"particle": "minecraft:cloud",
		"frequency": 4,
		"condition": {
			"type": "origins:resource",
			"resource": "lodestone:temp_lodestone-temp",
			"comparison": ">=",
			"compare_to": 500
		}
	},
	"overheating": {
		"type": "origins:action_over_time",
		"interval": 10,
		"entity_action": {
			"type": "origins:if_else",
			"condition": {
				"type": "origins:resource",
				"resource": "lodestone:temp_lodestone-temp",
				"comparison": ">=",
				"compare_to": 500
			},
			"if_action": {
				"type": "origins:apply_effect",
				"effect": {
					"effect": "minecraft:mining_fatigue",
					"duration": 20,
					"amplifier": 1,
					"is_ambient": true,
					"show_particles": false,
					"show_icon": false
				}
			},
			"else_action": {
				"type": "origins:apply_effect",
				"effect": {
					"effect": "minecraft:fire_resistance",
					"duration": 20,
					"amplifier": 0,
					"is_ambient": true,
					"show_particles": false,
					"show_icon": false
				}
			}
		}
	},
	"death": {
		"type": "origins:action_over_time",
		"condition": {
			"type": "origins:resource",
			"resource": "lodestone:temp_lodestone-temp",
			"comparison": "==",
			"compare_to": 700
		},
		"interval": 1,
		"entity_action": {
			"type": "origins:damage",
			"amount": 10000,
			"source": {
				"name": "generic",
				"unblockable": true
			}
		}

	}
}