{
	"type": "origins:multiple",
	"name": "Self-Maintenance",
	"description": "You are an artificial creature held together by rivets, which occasionaly pop off when you are damaged. These rivets are similar to iron nuggets and can be used to repair your damages as you do not regenerate like other organic creatures",

	"dr": {
		"type": "origins:disable_regen"
	},

	"ic": {
		"type": "origins:active_self",
		"condition": {
			"type": "origins:equipped_item",
			"equipment_slot": "mainhand",
			"item_condition": {
				"type": "origins:ingredient",
				"ingredient": {
					"item": "minecraft:iron_nugget"
				}
		}},
		"entity_action": {
			"type": "origins:and",
			"actions": [{
					"type": "origins:execute_command",
					"command": "clear @s iron_nugget 1"
				},
				{
					"type": "origins:heal",
					"amount": 5
				},
				{
  "type": "origins:play_sound",
  "sound": "minecraft:block.chain.place"
				}
			]
		},
		"cooldown": 10,
		"hud_render": {
			"should_render": false
		},
		"key": {
			"key": "key.use"
		}
	},
	"is": {
		"type": "origins:self_action_when_hit",
		"entity_action": {
			"type": "origins:chance",
			"chance": 0.20,
			"action": {
				"type": "origins:and",
				"actions": [{
						"type": "origins:execute_command",
						"command": "/summon item ~ ~ ~ {Item:{id:iron_nugget,Count:1}}",
						"permission_level": 4
					},
					{
						  "type": "origins:play_sound",
  "sound": "minecraft:block.lodestone.place"
					}
				]
			}
		},
		"damage_condition": {
			"type": "origins:amount",
			"comparison": ">=",
			"compare_to": 1.0
		},
		"cooldown": 0,
		"hud_render": {
			"should_render": false
		}
	}
}