{
	"type": "origins:multiple",
	"lodestone-temp": {
		"type": "origins:resource",
		"min": 0,
		"max": 700,
		"start_value": 0,
		"hud_render": {
			"bar_index": 7
		}
	},
	"iced": {
		"type": "origins:active_self",
		"condition": {
			"type": "origins:equipped_item",
			"equipment_slot": "mainhand",
			"item_condition": {
				"type": "origins:ingredient",
				"ingredient": {
					"item": "minecraft:ice"
				}
		}},
		"entity_action": {
			"type": "origins:and",
			"actions": [{
					"type": "origins:execute_command",
					"command": "clear @s ice 1"
				},
				{
					"type": "origins:change_resource",
					"resource": "lodestone:temp_lodestone-temp",
					"change": -150
				},
				{
  "type": "origins:play_sound",
  "sound": "minecraft:block.fire.extinguish"
				}
			]
		},
		"cooldown": 10,
		"hud_render": {
			"should_render": false
		},
		"key": {
			"key": "key.use"
		}
	},
	"iced2": {
		"type": "origins:active_self",
		"condition": {
			"type": "origins:equipped_item",
			"equipment_slot": "mainhand",
			"item_condition": {
				"type": "origins:ingredient",
				"ingredient": {
					"item": "minecraft:packed_ice"
				}
		}},
		"entity_action": {
			"type": "origins:and",
			"actions": [{
					"type": "origins:execute_command",
					"command": "clear @s packed_ice 1"
				},
				{
					"type": "origins:change_resource",
					"resource": "lodestone:temp_lodestone-temp",
					"change": -250
				},
				{
  "type": "origins:play_sound",
  "sound": "minecraft:block.fire.extinguish"
				}
			]
		},
		"cooldown": 10,
		"hud_render": {
			"should_render": false
		},
		"key": {
			"key": "key.use"
		}
	},
		"iced3": {
		"type": "origins:active_self",
		"condition": {
			"type": "origins:equipped_item",
			"equipment_slot": "mainhand",
			"item_condition": {
				"type": "origins:ingredient",
				"ingredient": {
					"item": "minecraft:blue_ice"
				}
		}},
		"entity_action": {
			"type": "origins:and",
			"actions": [{
					"type": "origins:execute_command",
					"command": "clear @s blue_ice 1"
				},
				{
					"type": "origins:change_resource",
					"resource": "lodestone:temp_lodestone-temp",
					"change": -500
				},
				{
  "type": "origins:play_sound",
  "sound": "minecraft:block.fire.extinguish"
				}
			]
		},
		"cooldown": 10,
		"hud_render": {
			"should_render": false
		},
		"key": {
			"key": "key.use"
		}
	},
	"cool_bottle": {
		"type": "origins:action_on_item_use",
		"item_condition": {
			"type": "origins:ingredient",
			"ingredient": {
				"item": "minecraft:potion"
			}
		},
		"entity_action": {
			"type": "origins:change_resource",
			"resource": "lodestone:temp_lodestone-temp",
			"change": -100
		}
	},
	"heat_fire": {
		"type": "origins:action_over_time",
		"interval": 10,
		"entity_action": {
			"type": "origins:change_resource",
			"resource": "lodestone:temp_lodestone-temp",
			"change": 3
		},
		"condition": {
			"type": "origins:on_fire"
		}
	},
	"heat_lava": {
		"type": "origins:action_over_time",
		"interval": 10,
		"entity_action": {
			"type": "origins:change_resource",
			"resource": "lodestone:temp_lodestone-temp",
			"change": 4
		},
		"condition": {
			"type": "origins:fluid_height",
			"fluid": "minecraft:lava",
			"comparison": ">",
			"compare_to": 0
		}
	},
	"cooling": {
		"type": "origins:action_over_time",
		"interval": 10,
		"entity_action": {
			"type": "origins:change_resource",
			"resource": "lodestone:temp_lodestone-temp",
			"change": -21
		},
		"condition": {
			"type": "origins:fluid_height",
			"fluid": "minecraft:water",
			"comparison": ">",
			"compare_to": 0
		}
	},
	"cool_rain": {
		"type": "origins:action_over_time",
		"interval": 20,
		"entity_action": {
			"type": "origins:change_resource",
			"resource": "lodestone:temp_lodestone-temp",
			"change": -5
		},
		"condition": {
			"type": "origins:in_rain"
		}
	},
	"heat_nether": {
		"type": "origins:action_over_time",
		"interval": 20,
		"entity_action": {
			"type": "origins:change_resource",
			"resource": "lodestone:temp_lodestone-temp",
			"change": 7
		},
		"condition": {
			"type": "origins:biome",
			"condition": {
				"type": "origins:or",
				"conditions": {
					"type": "origins:category",
					"category": "nether"
				}
			}
		}
	},
	"cool_ambient_night": {
		"type": "origins:action_over_time",
		"interval": 40,
		"entity_action": {
			"type": "origins:change_resource",
			"resource": "lodestone:temp_lodestone-temp",
			"change": 1
		},
		"condition": {
			"type": "origins:daytime",
			"inverted": true
		}
	},
		"cool_ambient_day": {
		"type": "origins:action_over_time",
		"interval": 40,
		"entity_action": {
			"type": "origins:change_resource",
			"resource": "lodestone:temp_lodestone-temp",
			"change": 2
		},
		"condition": {
			"type": "origins:daytime"
		}
	},
	"heat_sprinting": {
		"type": "origins:action_over_time",
		"interval": 20,
		"entity_action": {
			"type": "origins:change_resource",
			"resource": "lodestone:temp_lodestone-temp",
			"change": 1
		},
		"condition": {
			"type": "origins:sprinting"
		}
	},
	"direct_sun": {
		"type": "origins:action_over_time",
		"interval": 20,
		"entity_action": {
			"type": "origins:change_resource",
			"resource": "lodestone:temp_lodestone-temp",
			"change": 2
		},
		"condition": {
			"type": "origins:exposed_to_sun"
		}
	},
	"relief": {
		"type": "origins:action_over_time",
		"interval": 5,
		"entity_action": {
			"type": "origins:change_resource",
			"resource": "lodestone:temp_lodestone-temp",
			"change": -700
		},
		"condition": {
		"type": "origins:health",
		"comparison": "==",
		"compare_to": 0
		}
	},
	
	"name": "Netherite Core",
	"description": "You have a core of pure netherite which can resist heat and flames for a period of time. However, if let to heat too long, you will experience errors in your system and eventually shut down."
}