{
	"type": "origins:multiple",
	"name": "Amphibious",
	"description": "You can breathe underwater for longer.",

	"extended_oxygen": {
		"type": "origins:resource",
		"min": 0,
		"max": 100,
		"start_value": 100,
		"hud_render": {
			"should_render": false
		}
	},
	"gain_air": {
		"type": "origins:action_over_time",
		"interval": 5,
		"condition": {
			"type": "origins:and",
			"conditions": [{
				"type": "origins:submerged_in",
				"fluid": "minecraft:water"
				},
				{
					"type": "origins:resource",
					"resource": "frog:amph_extended_oxygen",
					"comparison": ">",
					"compare_to": 0
				}
			]
		},
		"entity_action": {
			"type": "origins:gain_air",
			"value": 100
		}

	},
	"losswater": {
		"type": "origins:action_over_time",
		"interval": 20,
		"condition": {
			"type": "origins:submerged_in",
			"fluid": "minecraft:water"
		},
		"entity_action": {
			"type": "origins:change_resource",
			"resource": "frog:amph_extended_oxygen",
			"change": -5
		}
	},
	"gainaircharge": {
		"type": "origins:action_over_time",
		"interval": 20,
		"condition": {
			"type": "origins:submerged_in",
			"fluid": "minecraft:water",
			"inverted": true
		},
		"entity_action": {
			"type": "origins:change_resource",
			"resource": "frog:amph_extended_oxygen",
			"change": 100
		}
	}




}