{
	"type": "origins:multiple",
	"moisture": {
		"type": "origins:resource",
		"min": 0,
		"max": 10000,
		"start_value": 10000,
		"hud_render": {
			"bar_index": 1
		}
	},
	"loss_ambient_day": {
		"type": "origins:action_over_time",
		"interval": 20,
		"entity_action": {
			"type": "origins:change_resource",
			"resource": "frog:moisture_moisture",
			"change": -15
		},
		"condition": {
			"type": "origins:daytime"
		}
	},
	"loss_ambient_night": {
		"type": "origins:action_over_time",
		"interval": 30,
		"entity_action": {
			"type": "origins:change_resource",
			"resource": "frog:moisture_moisture",
			"change": -15
		},
		"condition": {
			"type": "origins:daytime",
			"inverted": true
		}
	},
	"loss_sprinting": {
		"type": "origins:action_over_time",
		"interval": 10,
		"entity_action": {
			"type": "origins:change_resource",
			"resource": "frog:moisture_moisture",
			"change": -30
		},
		"condition": {
			"type": "origins:sprinting"
		}
	},
	"loss_height": {
		"type": "origins:action_over_time",
		"interval": 20,
		"entity_action": {
			"type": "origins:change_resource",
			"resource": "frog:moisture_moisture",
			"change": -30
		},
		"condition": {
			"type": "origins:on_block",
			"block_condition": {
				"type": "origins:height",
				"comparison": ">=",
				"compare_to": 100
			}
		}
	},
	"loss_climate": {
		"type": "origins:action_over_time",
		"interval": 10,
		"entity_action": {
			"type": "origins:change_resource",
			"resource": "frog:moisture_moisture",
			"change": -30
		},
		"condition": {
			"type": "origins:biome",
			"condition": {
				"type": "origins:or",
				"conditions": [{
						"type": "origins:category",
						"category": "mesa"
					},
					{
						"type": "origins:category",
						"category": "desert"
					},
					{
						"type": "origins:category",
						"category": "icy"
					},
					{
						"type": "origins:category",
						"category": "the_end"
					},
					{
						"type": "origins:category",
						"category": "nether"
					},
					{
						"type": "origins:category",
						"category": "savanna"
					}
				]
			}
		}
	},
	"dry_lava": {
		"type": "origins:action_over_time",
		"interval": -120,
		"entity_action": {
			"type": "origins:change_resource",
			"resource": "frog:moisture_moisture",
			"change": 4
		},
		"condition": {
			"type": "origins:fluid_height",
			"fluid": "minecraft:lava",
			"comparison": ">",
			"compare_to": 0
		}
	},
	"dry_fire": {
		"type": "origins:action_over_time",
		"interval": -60,
		"entity_action": {
			"type": "origins:change_resource",
			"resource": "frog:moisture_moisture",
			"change": 3
		},
		"condition": {
			"type": "origins:on_fire"
		}
	},
	"gain_rain": {
		"type": "origins:action_over_time",
		"interval": 10,
		"entity_action": {
			"type": "origins:change_resource",
			"resource": "frog:moisture_moisture",
			"change": 60
		},
		"condition": {
			"type": "origins:in_rain"
		}
	},
	"gain_water": {
		"type": "origins:action_over_time",
		"interval": 5,
		"entity_action": {
			"type": "origins:change_resource",
			"resource": "frog:moisture_moisture",
			"change": 75
		},
		"condition": {
			"type": "origins:fluid_height",
			"fluid": "minecraft:water",
			"comparison": ">",
			"compare_to": 0
		}
	},
	"gain_water_dehydrated": {
		"type": "origins:action_over_time",
		"interval": 5,
		"entity_action": {
			"type": "origins:change_resource",
			"resource": "frog:moisture_moisture",
			"change": 45
		},
		"condition": {
			"type": "origins:and",
			"conditions": [
			{
				"type": "origins:fluid_height",
				"fluid": "minecraft:water",
				"comparison": ">",
				"compare_to": 0
			},
			{
				"type": "origins:resource",
				"resource": "frog:moisture_moisture",
				"comparison": "<=",
				"compare_to": 2500
			}
			]
		}
	},
	"gain_bottle": {
		"type": "origins:action_on_item_use",
		"item_condition": {
			"type": "origins:ingredient",
			"ingredient": {
				"item": "minecraft:potion"
			}
		},
		"entity_action": {
			"type": "origins:change_resource",
			"resource": "frog:moisture_moisture",
			"change": 2500
		}
	},
	"effect_slowness": {
		"type": "origins:action_over_time",
		"entity_action": {
			"type": "origins:apply_effect",
 			 "effect": {
				 "effect": "minecraft:slowness",
				 "duration": 40,
				 "amplifier": 0,
				 "is_ambient": true,
				 "show_particles": false,
				 "show_icon": false
				 }
		},
		"interval": 20,
		"condition": {
			"type": "origins:resource",
			"resource": "frog:moisture_moisture",
			"comparison": "<",
			"compare_to": 1500
		}
	},
		"effect_slowness": {
		"type": "origins:action_over_time",
		"entity_action": {
			"type": "origins:apply_effect",
 			 "effect": {
				 "effect": "minecraft:speed",
				 "duration": 40,
				 "amplifier": 0,
				 "is_ambient": true,
				 "show_particles": false,
				 "show_icon": false
				 }
		},
		"interval": 20,
		"condition": {
			"type": "origins:resource",
			"resource": "frog:moisture_moisture",
			"comparison": ">",
			"compare_to": 8000
		}
	},
	"name": "Moist Skin",
	"description": "You must rely on being moist to maintain your abilities, otherwise you will slowly start to experience slowness and more hunger. You can refill your moisture by being in water or drinking potions."
}