{
	"powers": [
		"lodestone:temp",
		"lodestone:heat",
		"lodestone:steam",
		"lodestone:distress",
		"origins:strong_arms",
		"origins:sprint_jump",
		"origins:fall_immunity",
		"lodestone:repair",
		"lodestone:chassis",
		"lodestone:water"
		

		


	],
	"icon": "minecraft:lodestone",
	"order": 10,
	"impact": 2,
	"name": "Olympii",
	"description": "An ancient race of artificial creatures built for the purpose of search and rescue. Although inefficient in some regards, they can still provide great help in disaster scenarios."
}
