{
	"type": "origins:multiple",
	"name": "Mourning",
	"description": "You have natural armor as well as poison anyone who attacks you from the grief of losing your past form.",
	"armor": {
	"type": "origins:attribute",
    "modifier": {
        "attribute": "minecraft:generic.armor",
        "value":8,
        "operation": "addition"
    }
	},
	"poison":
		{
  "type": "origins:attacker_action_when_hit",
  "entity_action": {
"type": "origins:apply_effect",
		  "effect": {
		  "effect": "minecraft:poison",
		  "duration": 40,
		  "amplifier": 0
  }
},
  "cooldown": 60,
	"hud_render": {
        "should_render": false
    }
	}
}