{
	"type": "origins:multiple",
	"name": "Basalt Burrowing",
	"description": "You can burrow through basalt deltas with ease.",
	"phase": {
		"type": "origins:phasing",
		"condition":                 {
                    "type": "origins:power_active",
                    "power": "basalt:swim_toggle"
                },
		"blacklist": false,
		"render_type": "blindness",
		"view_distance": 10,
		"block_condition": {
			"type": "origins:in_tag",
			"tag": "basalt:bas"
		},
		"phase_down_condition": {
			"type": "origins:and",
			"conditions": [{
					"type": "origins:sneaking"
				},
				{
					"type": "origins:on_block"
				}
			]
		}
	},
	"baswim": {
		"type": "origins:swimming",
		"condition": {
			"type": "origins:and",
			"conditions": [{
					"type": "origins:fluid_height",
					"fluid": "minecraft:water",
					"comparison": ">",
					"compare_to": 0.0,
					"inverted": true
				},
				{
					"type": "origins:in_block",
					"block_condition": {
					"type": "origins:in_tag",
					"tag": "basalt:bas"
					}
				}
			]
		}
	},
	"lavaswim": {
    "type": "origins:swimming",
    "condition": {
					"type": "origins:fluid_height",
					"fluid": "minecraft:lava",
					"comparison": ">",
					"compare_to": 0.0
    }},
	"lavasee": {    
	"type": "origins:lava_vision",
    "s": 0,
    "v": 12
},
"unburnable": {
	"type": "origins:fire_immunity"
},
	"toggle": {
		"type": "origins:toggle",
		"active_by_default": false,
		"key": {
			"key": "key.origins.primary_active"
		}
	}
}