{
	"type": "origins:action_over_time",
	"name": "Spring in Your Step",
	"description": "You jump higher than average and when on lilypads you can jump even higher and regenerate health.",
	"interval": 20,
	"entity_action": {
		"type": "origins:if_else",
		"condition": {
			"type": "origins:in_block",
			"block_condition": {
				"type": "origins:block",
				"block": "minecraft:lily_pad"
			}
		},
		"if_action": {
			"type": "origins:apply_effect",
			"effects": [{
					"effect": "minecraft:jump_boost",
					"duration": 40,
					"amplifier": 3,
					"is_ambient": true,
					"show_particles": false,
					"show_icon": false
				},
				{
					"effect": "minecraft:regeneration",
					"duration": 100,
					"amplifier": 0,
					"is_ambient": true,
					"show_particles": false,
					"show_icon": false
				}
			]
		},
		"else_action": {
			"type": "origins:apply_effect",
			"effect": {
				"effect": "minecraft:jump_boost",
				"duration": 40,
				"amplifier": 1,
				"is_ambient": true,
				"show_particles": false,
				"show_icon": false
			}
		}
	}
}