{
		"type": "origins:self_action_when_hit",
		"entity_action": {
			"type": "origins:chance",
			"chance": 0.20,
			"action": {
				"type": "origins:and",
				"actions": [{
						"type": "origins:execute_command",
						"command": "/summon item ~ ~ ~ {Item:{id:iron_nugget,Count:1}}",
						"permission_level": 4
					},
					{
						  "type": "origins:play_sound",
  "sound": "minecraft:block.lodestone.place"
					}
				]
			}
		},
		"damage_condition": {
			"type": "origins:amount",
			"comparison": ">=",
			"compare_to": 1.0
		},
		"cooldown": 0,
		"hud_render": {
			"should_render": false
		}
	}